Date,Hour,Year,Whale,Boat
9/1/19,1,2019,1,0
9/1/19,2,2019,1,0
9/1/19,3,2019,1,0
9/1/19,4,2019,1,0
9/1/19,5,2019,1,0
9/1/19,6,2019,1,0
9/1/19,7,2019,1,0
9/1/19,8,2019,1,0
9/1/19,9,2019,1,0
9/1/19,10,2019,1,0
9/1/19,11,2019,1,0
9/1/19,12,2019,1,0
9/1/19,13,2019,1,0
9/1/19,14,2019,1,1
9/1/19,15,2019,1,0
9/1/19,16,2019,1,0
9/1/19,17,2019,1,0
9/1/19,18,2019,1,0
9/1/19,19,2019,1,0
9/1/19,20,2019,1,0
9/1/19,21,2019,1,0
9/1/19,22,2019,1,0
9/1/19,23,2019,1,0
9/1/19,0,2019,1,0
9/2/19,1,2019,1,0
9/2/19,2,2019,1,0
9/2/19,3,2019,1,0
9/2/19,4,2019,1,0
9/2/19,5,2019,1,0
9/2/19,6,2019,1,0
9/2/19,7,2019,1,0
9/2/19,8,2019,1,0
9/2/19,9,2019,1,1
9/2/19,10,2019,1,1
9/2/19,11,2019,1,0
9/2/19,12,2019,1,0
9/2/19,13,2019,1,1
9/2/19,14,2019,1,0
9/2/19,15,2019,1,0
9/2/19,16,2019,1,0
9/2/19,17,2019,1,0
9/2/19,18,2019,1,0
9/2/19,19,2019,1,0
9/2/19,20,2019,1,0
9/2/19,21,2019,1,0
9/2/19,22,2019,1,0
9/2/19,23,2019,1,0
9/2/19,0,2019,1,0
9/3/19,1,2019,1,0
9/3/19,2,2019,1,0
9/3/19,3,2019,1,0
9/3/19,4,2019,1,0
9/3/19,5,2019,1,0
9/3/19,6,2019,1,0
9/3/19,7,2019,1,0
9/3/19,8,2019,1,1
9/3/19,9,2019,1,1
9/3/19,10,2019,1,1
9/3/19,11,2019,1,0
9/3/19,12,2019,1,1
9/3/19,13,2019,1,0
9/3/19,14,2019,1,0
9/3/19,15,2019,1,0
9/3/19,16,2019,1,0
9/3/19,17,2019,1,0
9/3/19,18,2019,1,0
9/3/19,19,2019,1,0
9/3/19,20,2019,1,0
9/3/19,21,2019,1,0
9/3/19,22,2019,1,0
9/3/19,23,2019,1,0
9/3/19,0,2019,1,0
9/4/19,1,2019,1,0
9/4/19,2,2019,1,0
9/4/19,3,2019,1,0
9/4/19,4,2019,1,0
9/4/19,5,2019,1,0
9/4/19,6,2019,1,0
9/4/19,7,2019,1,0
9/4/19,8,2019,1,1
9/4/19,9,2019,1,0
9/4/19,10,2019,1,1
9/4/19,11,2019,1,1
9/4/19,12,2019,1,1
9/4/19,13,2019,1,0
9/4/19,14,2019,1,0
9/4/19,15,2019,1,0
9/4/19,16,2019,1,0
9/4/19,17,2019,1,0
9/4/19,18,2019,1,0
9/4/19,19,2019,1,0
9/4/19,20,2019,1,0
9/4/19,21,2019,1,0
9/4/19,22,2019,1,0
9/4/19,23,2019,1,0
9/4/19,0,2019,1,0
9/6/19,1,2019,1,0
9/6/19,2,2019,1,0
9/6/19,3,2019,1,0
9/6/19,4,2019,1,0
9/6/19,5,2019,1,0
9/6/19,6,2019,1,0
9/6/19,7,2019,1,0
9/6/19,8,2019,1,0
9/6/19,9,2019,1,0
9/6/19,10,2019,1,0
9/6/19,11,2019,1,1
9/6/19,12,2019,1,0
9/6/19,13,2019,1,1
9/6/19,14,2019,1,0
9/6/19,15,2019,1,0
9/6/19,16,2019,1,0
9/6/19,17,2019,1,0
9/6/19,18,2019,1,0
9/6/19,19,2019,1,0
9/6/19,20,2019,1,0
9/6/19,21,2019,1,0
9/6/19,22,2019,1,0
9/6/19,23,2019,1,0
9/6/19,0,2019,1,0
9/7/19,1,2019,1,0
9/7/19,2,2019,1,0
9/7/19,3,2019,1,0
9/7/19,4,2019,1,0
9/7/19,5,2019,1,0
9/7/19,6,2019,1,0
9/7/19,7,2019,1,0
9/7/19,8,2019,1,0
9/7/19,9,2019,1,0
9/7/19,10,2019,1,0
9/7/19,11,2019,1,1
9/7/19,12,2019,1,0
9/7/19,13,2019,1,0
9/7/19,14,2019,1,1
9/7/19,15,2019,1,1
9/7/19,16,2019,1,0
9/7/19,17,2019,1,0
9/7/19,18,2019,1,0
9/7/19,19,2019,1,0
9/7/19,20,2019,1,0
9/7/19,21,2019,1,0
9/7/19,22,2019,1,0
9/7/19,23,2019,1,0
9/7/19,0,2019,1,0
9/8/19,1,2019,1,0
9/8/19,2,2019,1,0
9/8/19,3,2019,1,0
9/8/19,4,2019,1,0
9/8/19,5,2019,1,0
9/8/19,6,2019,1,0
9/8/19,7,2019,1,0
9/8/19,8,2019,1,0
9/8/19,9,2019,1,0
9/8/19,10,2019,1,0
9/8/19,11,2019,1,0
9/8/19,12,2019,1,0
9/8/19,13,2019,1,0
9/8/19,14,2019,1,0
9/8/19,15,2019,1,0
9/8/19,16,2019,1,0
9/8/19,17,2019,1,0
9/8/19,18,2019,1,0
9/8/19,19,2019,1,0
9/8/19,20,2019,1,0
9/8/19,21,2019,1,0
9/8/19,22,2019,1,0
9/8/19,23,2019,1,0
9/8/19,0,2019,1,0
9/9/19,1,2019,1,0
9/9/19,2,2019,1,0
9/9/19,3,2019,1,0
9/9/19,4,2019,1,0
9/9/19,5,2019,1,0
9/9/19,6,2019,1,0
9/9/19,7,2019,1,0
9/9/19,8,2019,1,0
9/9/19,9,2019,1,0
9/9/19,10,2019,1,0
9/9/19,11,2019,1,0
9/9/19,12,2019,1,1
9/9/19,13,2019,1,0
9/9/19,14,2019,1,0
9/9/19,15,2019,1,0
9/9/19,16,2019,1,0
9/9/19,17,2019,1,1
9/9/19,18,2019,1,0
9/9/19,19,2019,1,0
9/9/19,20,2019,1,0
9/9/19,21,2019,1,0
9/9/19,22,2019,1,0
9/9/19,23,2019,1,0
9/9/19,0,2019,1,0
9/10/19,1,2019,1,0
9/10/19,2,2019,1,0
9/10/19,3,2019,1,0
9/10/19,4,2019,1,0
9/10/19,5,2019,1,0
9/10/19,6,2019,1,0
9/10/19,7,2019,1,0
9/10/19,8,2019,1,0
9/10/19,9,2019,1,0
9/10/19,10,2019,1,0
9/10/19,11,2019,1,1
9/10/19,12,2019,1,0
9/10/19,13,2019,1,1
9/10/19,14,2019,1,0
9/10/19,15,2019,1,0
9/10/19,16,2019,1,0
9/10/19,17,2019,1,0
9/10/19,18,2019,1,0
9/10/19,19,2019,1,0
9/10/19,20,2019,1,0
9/10/19,21,2019,1,0
9/10/19,22,2019,1,0
9/10/19,23,2019,1,0
9/10/19,0,2019,1,0
9/11/19,1,2019,1,0
9/11/19,2,2019,1,0
9/11/19,3,2019,1,0
9/11/19,4,2019,1,0
9/11/19,5,2019,1,0
9/11/19,6,2019,1,0
9/11/19,7,2019,1,0
9/11/19,8,2019,1,0
9/11/19,9,2019,0,1
9/11/19,10,2019,1,0
9/11/19,11,2019,1,0
9/11/19,12,2019,1,0
9/11/19,13,2019,1,0
9/11/19,14,2019,1,0
9/11/19,15,2019,1,0
9/11/19,16,2019,1,0
9/11/19,17,2019,1,0
9/11/19,18,2019,1,0
9/11/19,19,2019,1,0
9/11/19,20,2019,1,0
9/11/19,21,2019,0,0
9/11/19,22,2019,1,0
9/11/19,23,2019,1,0
9/12/19,0,2019,1,0
9/12/19,1,2019,1,0
9/12/19,2,2019,1,0
9/12/19,3,2019,1,0
9/12/19,4,2019,1,0
9/12/19,5,2019,1,0
9/12/19,6,2019,1,0
9/12/19,7,2019,1,0
9/12/19,8,2019,1,1
9/12/19,9,2019,1,0
9/12/19,10,2019,1,1
9/12/19,11,2019,1,0
9/12/19,12,2019,1,0
9/12/19,13,2019,1,1
9/12/19,14,2019,1,0
9/12/19,15,2019,1,1
9/12/19,16,2019,1,0
9/12/19,17,2019,1,0
9/12/19,18,2019,1,0
9/12/19,19,2019,1,0
9/12/19,20,2019,1,0
9/12/19,21,2019,1,0
9/12/19,22,2019,1,0
9/12/19,23,2019,1,0
9/13/19,0,2019,1,0
9/13/19,1,2019,1,0
9/13/19,2,2019,1,0
9/13/19,3,2019,1,0
9/13/19,4,2019,1,0
9/13/19,5,2019,1,0
9/13/19,6,2019,1,0
9/13/19,7,2019,1,0
9/13/19,8,2019,1,0
9/13/19,9,2019,1,0
9/13/19,10,2019,1,1
9/13/19,11,2019,1,1
9/13/19,12,2019,1,0
9/13/19,13,2019,1,0
9/13/19,14,2019,1,0
9/13/19,15,2019,1,0
9/13/19,16,2019,1,0
9/13/19,17,2019,1,0
9/13/19,18,2019,1,0
9/13/19,19,2019,1,0
9/13/19,20,2019,1,0
9/13/19,21,2019,1,0
9/13/19,22,2019,1,0
9/13/19,23,2019,1,0
9/14/19,0,2019,1,0
9/14/19,1,2019,1,0
9/14/19,2,2019,1,0
9/14/19,3,2019,1,0
9/14/19,4,2019,1,0
9/14/19,5,2019,1,0
9/14/19,6,2019,1,0
9/14/19,7,2019,1,0
9/14/19,8,2019,1,0
9/14/19,9,2019,1,1
9/14/19,10,2019,1,1
9/14/19,11,2019,1,0
9/14/19,12,2019,1,1
9/14/19,13,2019,1,1
9/14/19,14,2019,1,1
9/14/19,15,2019,1,0
9/14/19,16,2019,1,0
9/14/19,17,2019,1,0
9/14/19,18,2019,1,0
9/14/19,19,2019,1,0
9/14/19,20,2019,1,0
9/14/19,21,2019,1,0
9/14/19,22,2019,1,0
9/14/19,23,2019,1,0
9/15/19,0,2019,1,0
9/15/19,1,2019,1,0
9/15/19,2,2019,1,0
9/15/19,3,2019,1,0
9/15/19,4,2019,1,0
9/15/19,5,2019,1,0
9/15/19,6,2019,1,0
9/15/19,7,2019,1,0
9/15/19,8,2019,1,0
9/15/19,9,2019,1,1
9/15/19,10,2019,1,1
9/15/19,11,2019,1,0
9/15/19,12,2019,1,0
9/15/19,13,2019,1,0
9/15/19,14,2019,1,0
9/15/19,15,2019,1,0
9/15/19,16,2019,1,0
9/15/19,17,2019,1,0
9/15/19,18,2019,1,0
9/15/19,19,2019,1,0
9/15/19,20,2019,1,0
9/15/19,21,2019,1,0
9/15/19,22,2019,1,0
9/15/19,23,2019,1,0
9/16/19,0,2019,1,0
9/16/19,1,2019,1,0
9/16/19,2,2019,1,0
9/16/19,3,2019,1,0
9/16/19,4,2019,1,0
9/16/19,5,2019,1,0
9/16/19,6,2019,1,0
9/16/19,7,2019,1,0
9/16/19,8,2019,1,0
9/16/19,9,2019,1,0
9/16/19,10,2019,1,0
9/16/19,11,2019,1,0
9/16/19,12,2019,1,0
9/16/19,13,2019,1,0
9/16/19,14,2019,1,1
9/16/19,15,2019,1,1
9/16/19,16,2019,1,1
9/16/19,17,2019,1,0
9/16/19,18,2019,1,0
9/16/19,19,2019,1,1
9/16/19,20,2019,1,0
9/16/19,21,2019,1,0
9/16/19,22,2019,1,0
9/16/19,23,2019,1,0
9/17/19,0,2019,1,0
9/17/19,1,2019,1,0
9/17/19,2,2019,1,0
9/17/19,3,2019,1,0
9/17/19,4,2019,1,0
9/17/19,5,2019,1,0
9/17/19,6,2019,1,0
9/17/19,7,2019,1,0
9/17/19,8,2019,1,0
9/17/19,9,2019,1,1
9/17/19,10,2019,1,0
9/17/19,11,2019,1,0
9/17/19,12,2019,1,0
9/17/19,13,2019,1,0
9/17/19,14,2019,1,0
9/17/19,15,2019,1,0
9/17/19,16,2019,1,0
9/17/19,17,2019,1,0
9/17/19,18,2019,1,0
9/17/19,19,2019,1,0
9/17/19,20,2019,1,0
9/17/19,21,2019,1,0
9/17/19,22,2019,1,0
9/17/19,23,2019,1,0
9/18/19,0,2019,1,0
9/18/19,1,2019,1,0
9/18/19,2,2019,1,0
9/18/19,3,2019,1,0
9/18/19,4,2019,1,0
9/18/19,5,2019,1,0
9/18/19,6,2019,1,0
9/18/19,7,2019,1,0
9/18/19,8,2019,1,0
9/18/19,9,2019,1,1
9/18/19,10,2019,1,0
9/18/19,11,2019,1,1
9/18/19,12,2019,1,0
9/18/19,13,2019,1,0
9/18/19,14,2019,1,0
9/18/19,15,2019,1,0
9/18/19,16,2019,1,0
9/18/19,17,2019,1,0
9/18/19,18,2019,1,0
9/18/19,19,2019,1,0
9/18/19,20,2019,1,0
9/18/19,21,2019,1,0
9/18/19,22,2019,1,0
9/18/19,23,2019,1,0
9/19/19,0,2019,1,0
9/19/19,1,2019,1,0
9/19/19,2,2019,1,0
9/19/19,3,2019,1,0
9/19/19,4,2019,1,0
9/19/19,5,2019,1,0
9/19/19,6,2019,1,0
9/19/19,7,2019,1,0
9/19/19,8,2019,1,0
9/19/19,9,2019,1,0
9/19/19,10,2019,1,1
9/19/19,11,2019,1,0
9/19/19,12,2019,1,1
9/19/19,13,2019,1,0
9/19/19,14,2019,1,0
9/19/19,15,2019,1,0
9/19/19,16,2019,1,0
9/19/19,17,2019,1,0
9/19/19,18,2019,1,0
9/19/19,19,2019,1,0
9/19/19,20,2019,1,0
9/19/19,21,2019,1,0
9/19/19,22,2019,1,0
9/19/19,23,2019,1,0
9/20/19,0,2019,1,0
9/20/19,1,2019,1,0
9/20/19,2,2019,1,0
9/20/19,3,2019,1,0
9/20/19,4,2019,1,0
9/20/19,5,2019,1,0
9/20/19,6,2019,1,0
9/20/19,7,2019,1,0
9/20/19,8,2019,1,0
9/20/19,9,2019,1,1
9/20/19,10,2019,1,0
9/20/19,11,2019,1,0
9/20/19,12,2019,1,0
9/20/19,13,2019,1,1
9/20/19,14,2019,1,0
9/20/19,15,2019,1,0
9/20/19,16,2019,1,0
9/20/19,17,2019,1,0
9/20/19,18,2019,1,0
9/20/19,19,2019,1,0
9/20/19,20,2019,1,0
9/20/19,21,2019,1,0
9/20/19,22,2019,1,0
9/20/19,23,2019,1,0
9/21/19,0,2019,1,0
9/21/19,1,2019,1,0
9/21/19,2,2019,1,0
9/21/19,3,2019,1,0
9/21/19,4,2019,1,0
9/21/19,5,2019,1,0
9/21/19,6,2019,1,0
9/21/19,7,2019,1,0
9/21/19,8,2019,1,0
9/21/19,9,2019,0,0
9/21/19,10,2019,1,1
9/21/19,11,2019,1,1
9/21/19,12,2019,1,1
9/21/19,13,2019,1,0
9/21/19,14,2019,1,0
9/21/19,15,2019,1,0
9/21/19,16,2019,1,0
9/21/19,17,2019,1,0
9/21/19,18,2019,1,0
9/21/19,19,2019,1,0
9/21/19,20,2019,1,0
9/21/19,21,2019,1,0
9/21/19,22,2019,1,0
9/21/19,23,2019,1,0
9/22/19,0,2019,1,0
9/22/19,1,2019,1,0
9/22/19,2,2019,1,0
9/22/19,3,2019,1,0
9/22/19,4,2019,1,0
9/22/19,5,2019,1,0
9/22/19,6,2019,1,0
9/22/19,7,2019,1,0
9/22/19,8,2019,1,0
9/22/19,9,2019,1,0
9/22/19,10,2019,1,0
9/22/19,11,2019,1,0
9/22/19,12,2019,1,0
9/22/19,13,2019,1,1
9/22/19,14,2019,1,0
9/22/19,15,2019,1,0
9/22/19,16,2019,1,0
9/22/19,17,2019,1,0
9/22/19,18,2019,1,0
9/22/19,19,2019,1,0
9/22/19,20,2019,1,0
9/22/19,21,2019,1,0
9/22/19,22,2019,1,0
9/22/19,23,2019,1,0
9/23/19,0,2019,1,0
9/23/19,1,2019,1,0
9/23/19,2,2019,1,0
9/23/19,3,2019,1,0
9/23/19,4,2019,1,0
9/23/19,5,2019,1,0
9/23/19,6,2019,1,0
9/23/19,7,2019,1,0
9/23/19,8,2019,0,0
9/23/19,9,2019,1,0
9/23/19,10,2019,1,0
9/23/19,11,2019,1,1
9/23/19,12,2019,1,0
9/23/19,13,2019,1,0
9/23/19,14,2019,1,0
9/23/19,15,2019,1,0
9/23/19,16,2019,1,0
9/23/19,17,2019,1,0
9/23/19,18,2019,1,0
9/23/19,19,2019,1,0
9/23/19,20,2019,1,0
9/23/19,21,2019,1,0
9/23/19,22,2019,1,0
9/23/19,23,2019,1,0
9/24/19,0,2019,1,0
9/24/19,1,2019,1,0
9/24/19,2,2019,1,0
9/24/19,3,2019,1,0
9/24/19,4,2019,1,0
9/24/19,5,2019,1,0
9/24/19,6,2019,1,0
9/24/19,7,2019,1,0
9/24/19,8,2019,1,0
9/24/19,9,2019,1,0
9/24/19,10,2019,1,1
9/24/19,11,2019,1,0
9/24/19,12,2019,1,0
9/24/19,13,2019,1,0
9/24/19,14,2019,1,0
9/24/19,15,2019,1,0
9/24/19,16,2019,1,0
9/24/19,17,2019,1,0
9/24/19,18,2019,1,0
9/24/19,19,2019,1,0
9/24/19,20,2019,0,0
9/24/19,21,2019,1,0
9/24/19,22,2019,1,0
9/24/19,23,2019,1,0
9/25/19,0,2019,1,0
9/25/19,1,2019,1,0
9/25/19,2,2019,1,0
9/25/19,3,2019,1,0
9/25/19,4,2019,0,0
9/25/19,5,2019,0,0
9/25/19,6,2019,1,0
9/25/19,7,2019,1,0
9/25/19,8,2019,1,1
9/25/19,9,2019,1,0
9/25/19,10,2019,1,0
9/25/19,11,2019,1,0
9/25/19,12,2019,1,1
9/25/19,13,2019,1,0
9/25/19,14,2019,1,0
9/25/19,15,2019,1,0
9/25/19,16,2019,1,0
9/25/19,17,2019,1,0
9/25/19,18,2019,1,0
9/25/19,19,2019,1,0
9/25/19,20,2019,1,0
9/25/19,21,2019,1,0
9/25/19,22,2019,1,0
9/25/19,23,2019,1,0
9/26/19,0,2019,1,0
9/26/19,1,2019,1,0
9/26/19,2,2019,1,0
9/26/19,3,2019,1,0
9/26/19,4,2019,1,0
9/26/19,5,2019,1,0
9/26/19,6,2019,1,0
9/26/19,7,2019,1,0
9/26/19,8,2019,1,0
9/26/19,9,2019,1,0
9/26/19,10,2019,1,1
9/26/19,11,2019,1,0
9/26/19,12,2019,1,0
9/26/19,13,2019,1,0
9/26/19,14,2019,1,0
9/26/19,15,2019,1,0
9/26/19,16,2019,1,0
9/26/19,17,2019,1,0
9/26/19,18,2019,1,0
9/26/19,19,2019,1,0
9/26/19,20,2019,1,0
9/26/19,21,2019,1,0
9/26/19,22,2019,1,0
9/26/19,23,2019,1,0
9/27/19,0,2019,1,0
9/27/19,1,2019,1,0
9/27/19,2,2019,1,0
9/27/19,3,2019,1,0
9/27/19,4,2019,1,0
9/27/19,5,2019,1,0
9/27/19,6,2019,1,0
9/27/19,7,2019,1,0
9/27/19,8,2019,1,0
9/27/19,9,2019,1,0
9/27/19,10,2019,1,1
9/27/19,11,2019,1,0
9/27/19,12,2019,1,0
9/27/19,13,2019,1,0
9/27/19,14,2019,1,0
9/27/19,15,2019,1,0
9/27/19,16,2019,1,0
9/27/19,17,2019,1,0
9/27/19,18,2019,1,0
9/27/19,19,2019,1,0
9/27/19,20,2019,1,0
9/27/19,21,2019,1,0
9/27/19,22,2019,1,0
9/27/19,23,2019,1,0
9/28/19,0,2019,1,0
9/28/19,1,2019,1,0
9/28/19,2,2019,1,0
9/28/19,3,2019,1,0
9/28/19,4,2019,1,0
9/28/19,5,2019,1,0
9/28/19,6,2019,1,0
9/28/19,7,2019,1,0
9/28/19,8,2019,1,0
9/28/19,9,2019,1,0
9/28/19,10,2019,1,1
9/28/19,11,2019,1,0
9/28/19,12,2019,1,1
9/28/19,13,2019,1,0
9/28/19,14,2019,1,0
9/28/19,15,2019,1,0
9/28/19,16,2019,1,0
9/28/19,17,2019,1,0
9/28/19,18,2019,1,0
9/28/19,19,2019,1,0
9/28/19,20,2019,1,0
9/28/19,21,2019,1,0
9/28/19,22,2019,1,0
9/28/19,23,2019,1,0
9/29/19,0,2019,1,0
9/29/19,1,2019,1,0
9/29/19,2,2019,1,0
9/29/19,3,2019,1,0
9/29/19,4,2019,1,0
9/29/19,5,2019,1,0
9/29/19,6,2019,1,0
9/29/19,7,2019,1,0
9/29/19,8,2019,1,0
9/29/19,9,2019,1,0
9/29/19,10,2019,1,0
9/29/19,11,2019,1,1
9/29/19,12,2019,1,0
9/29/19,13,2019,1,1
9/29/19,14,2019,1,0
9/29/19,15,2019,1,0
9/29/19,16,2019,1,0
9/29/19,17,2019,1,0
9/29/19,18,2019,1,0
9/29/19,19,2019,1,0
9/29/19,20,2019,1,0
9/29/19,21,2019,1,0
9/29/19,22,2019,1,0
9/29/19,23,2019,1,0
9/30/19,0,2019,1,0
9/30/19,1,2019,1,0
9/30/19,2,2019,1,0
9/30/19,3,2019,1,0
9/30/19,4,2019,1,0
9/30/19,5,2019,1,0
9/30/19,6,2019,1,0
9/30/19,7,2019,1,0
9/30/19,8,2019,1,0
9/30/19,9,2019,1,0
9/30/19,10,2019,1,0
9/30/19,11,2019,1,0
9/30/19,12,2019,1,0
9/30/19,13,2019,1,0
9/30/19,14,2019,1,0
9/30/19,15,2019,1,0
9/30/19,16,2019,1,0
9/30/19,17,2019,0,0
9/30/19,18,2019,1,0
9/30/19,19,2019,1,0
9/30/19,20,2019,1,0
9/30/19,21,2019,1,0
9/30/19,22,2019,0,0
9/30/19,23,2019,1,0
9/3/20,17,2020,1,0
9/3/20,18,2020,1,0
9/3/20,19,2020,1,0
9/3/20,21,2020,1,0
9/3/20,22,2020,1,0
9/3/20,23,2020,1,0
9/4/20,0,2020,1,0
9/4/20,1,2020,1,0
9/4/20,2,2020,1,0
9/4/20,3,2020,1,0
9/4/20,4,2020,1,0
9/4/20,5,2020,1,0
9/4/20,6,2020,1,0
9/4/20,7,2020,1,0
9/4/20,8,2020,1,0
9/4/20,9,2020,1,0
9/4/20,10,2020,1,1
9/4/20,11,2020,1,0
9/4/20,12,2020,1,0
9/4/20,13,2020,1,0
9/4/20,14,2020,1,0
9/4/20,15,2020,1,0
9/4/20,16,2020,1,0
9/4/20,17,2020,1,0
9/4/20,18,2020,1,0
9/4/20,19,2020,1,0
9/4/20,20,2020,1,0
9/4/20,21,2020,1,0
9/4/20,22,2020,1,0
9/4/20,23,2020,1,0
9/5/20,0,2020,1,0
9/5/20,1,2020,1,0
9/5/20,2,2020,1,0
9/5/20,3,2020,1,0
9/5/20,4,2020,1,0
9/5/20,5,2020,1,0
9/5/20,6,2020,1,0
9/5/20,7,2020,1,0
9/5/20,8,2020,1,0
9/5/20,9,2020,1,0
9/5/20,10,2020,1,0
9/5/20,11,2020,1,1
9/5/20,12,2020,1,1
9/5/20,13,2020,1,0
9/5/20,14,2020,1,0
9/5/20,15,2020,1,0
9/5/20,16,2020,1,0
9/5/20,17,2020,1,0
9/5/20,18,2020,1,0
9/5/20,19,2020,1,0
9/5/20,20,2020,1,0
9/5/20,21,2020,1,0
9/5/20,22,2020,1,0
9/5/20,23,2020,1,0
9/6/20,0,2020,1,0
9/6/20,1,2020,1,0
9/6/20,2,2020,1,0
9/6/20,3,2020,1,0
9/6/20,4,2020,1,0
9/6/20,5,2020,1,0
9/6/20,6,2020,1,0
9/6/20,7,2020,1,0
9/6/20,8,2020,1,0
9/6/20,9,2020,1,1
9/6/20,10,2020,1,0
9/6/20,11,2020,1,1
9/6/20,12,2020,1,0
9/6/20,13,2020,1,0
9/6/20,14,2020,1,0
9/6/20,15,2020,1,0
9/6/20,16,2020,1,0
9/6/20,17,2020,1,0
9/6/20,18,2020,1,0
9/6/20,19,2020,1,0
9/6/20,20,2020,1,0
9/6/20,21,2020,1,0
9/6/20,22,2020,1,0
9/6/20,23,2020,1,0
9/7/20,0,2020,1,0
9/7/20,1,2020,1,0
9/7/20,2,2020,1,0
9/7/20,3,2020,1,0
9/7/20,4,2020,1,0
9/7/20,5,2020,1,0
9/7/20,6,2020,1,0
9/7/20,7,2020,1,0
9/7/20,8,2020,1,0
9/7/20,9,2020,1,0
9/7/20,10,2020,1,0
9/7/20,11,2020,1,0
9/7/20,12,2020,1,0
9/7/20,13,2020,1,0
9/7/20,14,2020,1,0
9/7/20,15,2020,1,0
9/7/20,16,2020,1,0
9/7/20,17,2020,1,0
9/7/20,18,2020,1,0
9/7/20,19,2020,1,0
9/7/20,20,2020,1,0
9/7/20,21,2020,1,0
9/7/20,22,2020,1,0
9/7/20,23,2020,1,0
9/8/20,0,2020,1,0
9/8/20,1,2020,1,0
9/8/20,2,2020,1,0
9/8/20,3,2020,1,0
9/8/20,4,2020,1,0
9/8/20,5,2020,1,0
9/8/20,6,2020,1,0
9/8/20,7,2020,1,0
9/8/20,8,2020,1,0
9/8/20,9,2020,1,0
9/8/20,10,2020,1,0
9/8/20,11,2020,1,0
9/8/20,12,2020,1,1
9/8/20,13,2020,1,0
9/8/20,14,2020,1,0
9/8/20,15,2020,1,0
9/8/20,16,2020,1,0
9/8/20,17,2020,1,0
9/8/20,18,2020,1,0
9/8/20,19,2020,1,0
9/8/20,20,2020,1,0
9/8/20,21,2020,1,0
9/8/20,22,2020,1,0
9/8/20,23,2020,1,0
9/9/20,0,2020,1,0
9/9/20,1,2020,1,0
9/9/20,2,2020,1,0
9/9/20,3,2020,1,0
9/9/20,4,2020,1,0
9/9/20,5,2020,1,0
9/9/20,6,2020,1,0
9/9/20,7,2020,1,0
9/9/20,8,2020,1,0
9/9/20,9,2020,1,0
9/9/20,10,2020,1,0
9/9/20,11,2020,1,0
9/9/20,12,2020,1,0
9/9/20,13,2020,1,0
9/9/20,14,2020,1,0
9/9/20,15,2020,1,0
9/9/20,16,2020,1,0
9/9/20,17,2020,1,0
9/9/20,18,2020,1,0
9/9/20,19,2020,1,0
9/9/20,20,2020,1,0
9/9/20,21,2020,1,0
9/9/20,22,2020,1,0
9/9/20,23,2020,1,0
9/10/20,0,2020,1,0
9/10/20,1,2020,1,0
9/10/20,2,2020,1,0
9/10/20,3,2020,1,0
9/10/20,4,2020,1,0
9/10/20,5,2020,1,0
9/10/20,6,2020,1,0
9/10/20,7,2020,1,0
9/10/20,8,2020,1,0
9/10/20,9,2020,1,0
9/10/20,10,2020,1,0
9/10/20,11,2020,1,0
9/10/20,12,2020,1,0
9/10/20,13,2020,1,0
9/10/20,14,2020,1,0
9/10/20,15,2020,1,0
9/10/20,16,2020,1,0
9/10/20,17,2020,1,0
9/10/20,18,2020,1,0
9/10/20,19,2020,1,0
9/10/20,20,2020,1,0
9/10/20,21,2020,1,0
9/10/20,22,2020,1,0
9/10/20,23,2020,1,0
9/11/20,0,2020,1,0
9/11/20,1,2020,1,0
9/11/20,2,2020,1,0
9/11/20,3,2020,1,0
9/11/20,4,2020,1,0
9/11/20,5,2020,1,0
9/11/20,6,2020,1,0
9/11/20,7,2020,1,0
9/11/20,8,2020,1,0
9/11/20,9,2020,1,0
9/11/20,10,2020,1,0
9/11/20,11,2020,1,0
9/11/20,12,2020,1,0
9/11/20,13,2020,1,0
9/11/20,14,2020,1,0
9/11/20,15,2020,1,0
9/11/20,16,2020,1,0
9/11/20,17,2020,1,0
9/11/20,18,2020,1,0
9/11/20,19,2020,1,0
9/11/20,20,2020,1,0
9/11/20,21,2020,1,0
9/11/20,22,2020,1,0
9/11/20,23,2020,1,0
9/12/20,0,2020,1,0
9/12/20,1,2020,1,0
9/12/20,2,2020,1,0
9/12/20,3,2020,1,0
9/12/20,4,2020,1,0
9/12/20,5,2020,1,0
9/12/20,6,2020,1,0
9/12/20,7,2020,1,0
9/12/20,8,2020,1,0
9/12/20,9,2020,1,0
9/12/20,10,2020,1,1
9/12/20,11,2020,1,0
9/12/20,12,2020,1,0
9/12/20,13,2020,1,0
9/12/20,14,2020,1,0
9/12/20,15,2020,1,1
9/12/20,16,2020,1,0
9/12/20,17,2020,1,0
9/12/20,18,2020,1,0
9/12/20,19,2020,1,0
9/12/20,20,2020,1,0
9/12/20,21,2020,1,0
9/12/20,22,2020,1,0
9/12/20,23,2020,1,0
9/13/20,0,2020,1,0
9/13/20,1,2020,1,0
9/13/20,2,2020,1,0
9/13/20,3,2020,1,0
9/13/20,4,2020,1,0
9/13/20,5,2020,1,0
9/13/20,6,2020,1,0
9/13/20,7,2020,1,0
9/13/20,8,2020,1,0
9/13/20,9,2020,1,0
9/13/20,10,2020,1,0
9/13/20,11,2020,1,1
9/13/20,12,2020,1,1
9/13/20,13,2020,1,0
9/13/20,14,2020,1,0
9/13/20,15,2020,1,0
9/13/20,16,2020,1,1
9/13/20,17,2020,1,0
9/13/20,18,2020,1,0
9/13/20,19,2020,1,0
9/13/20,20,2020,1,0
9/13/20,21,2020,1,0
9/13/20,22,2020,1,0
9/13/20,23,2020,1,0
9/14/20,0,2020,1,0
9/14/20,1,2020,1,0
9/14/20,2,2020,1,0
9/14/20,3,2020,1,0
9/14/20,4,2020,1,0
9/14/20,5,2020,1,0
9/14/20,6,2020,1,0
9/14/20,7,2020,1,0
9/14/20,8,2020,1,0
9/14/20,9,2020,1,0
9/14/20,10,2020,1,1
9/14/20,11,2020,1,0
9/14/20,12,2020,1,0
9/14/20,13,2020,1,0
9/14/20,14,2020,1,0
9/14/20,15,2020,1,0
9/14/20,16,2020,1,0
9/14/20,17,2020,1,0
9/14/20,18,2020,1,0
9/14/20,19,2020,1,0
9/14/20,20,2020,1,0
9/14/20,21,2020,1,0
9/14/20,22,2020,1,0
9/14/20,23,2020,1,0
9/15/20,0,2020,1,0
9/15/20,1,2020,1,0
9/15/20,2,2020,1,0
9/15/20,3,2020,1,0
9/15/20,4,2020,1,0
9/15/20,5,2020,1,0
9/15/20,6,2020,1,0
9/15/20,7,2020,1,0
9/15/20,8,2020,1,0
9/15/20,9,2020,1,0
9/15/20,10,2020,1,0
9/15/20,11,2020,1,0
9/15/20,12,2020,1,0
9/15/20,13,2020,1,0
9/15/20,14,2020,1,0
9/15/20,15,2020,1,0
9/15/20,16,2020,1,0
9/15/20,17,2020,1,0
9/15/20,18,2020,1,0
9/15/20,19,2020,1,0
9/15/20,20,2020,1,0
9/15/20,21,2020,1,0
9/15/20,22,2020,1,0
9/15/20,23,2020,1,0
9/16/20,0,2020,1,0
9/16/20,1,2020,1,0
9/16/20,2,2020,1,0
9/16/20,3,2020,1,0
9/16/20,4,2020,1,0
9/16/20,5,2020,1,0
9/16/20,6,2020,1,0
9/16/20,7,2020,1,0
9/16/20,8,2020,1,0
9/16/20,9,2020,1,0
9/16/20,10,2020,1,0
9/16/20,11,2020,0,0
9/16/20,12,2020,1,0
9/16/20,13,2020,1,0
9/16/20,14,2020,1,0
9/16/20,15,2020,1,0
9/16/20,16,2020,1,0
9/16/20,17,2020,1,0
9/16/20,18,2020,1,0
9/16/20,19,2020,1,0
9/16/20,20,2020,1,0
9/16/20,21,2020,1,0
9/16/20,22,2020,1,0
9/16/20,23,2020,1,0
9/17/20,0,2020,1,0
9/17/20,1,2020,1,0
9/17/20,2,2020,1,0
9/17/20,3,2020,1,0
9/17/20,4,2020,1,0
9/17/20,5,2020,1,0
9/17/20,6,2020,1,0
9/17/20,7,2020,1,0
9/17/20,8,2020,1,0
9/17/20,9,2020,1,0
9/17/20,10,2020,1,0
9/17/20,11,2020,1,0
9/17/20,12,2020,1,0
9/17/20,13,2020,1,0
9/17/20,14,2020,1,0
9/17/20,15,2020,1,0
9/17/20,16,2020,1,0
9/17/20,17,2020,1,0
9/17/20,18,2020,1,0
9/17/20,19,2020,1,0
9/17/20,20,2020,1,0
9/17/20,21,2020,1,0
9/17/20,22,2020,1,0
9/17/20,23,2020,1,0
9/18/20,0,2020,1,0
9/18/20,1,2020,1,0
9/18/20,2,2020,1,0
9/18/20,3,2020,1,0
9/18/20,4,2020,1,0
9/18/20,5,2020,1,0
9/18/20,6,2020,1,0
9/18/20,7,2020,1,0
9/18/20,8,2020,1,0
9/18/20,9,2020,1,0
9/18/20,10,2020,1,0
9/18/20,11,2020,1,0
9/18/20,12,2020,1,1
9/18/20,13,2020,1,0
9/18/20,14,2020,1,0
9/18/20,15,2020,1,0
9/18/20,16,2020,1,0
9/18/20,17,2020,1,0
9/18/20,18,2020,1,0
9/18/20,19,2020,1,0
9/18/20,20,2020,1,0
9/18/20,21,2020,1,0
9/18/20,22,2020,1,0
9/18/20,23,2020,1,0
9/19/20,0,2020,1,0
9/19/20,1,2020,1,0
9/19/20,2,2020,1,0
9/19/20,3,2020,1,0
9/19/20,4,2020,1,0
9/19/20,5,2020,1,0
9/19/20,6,2020,1,0
9/19/20,7,2020,1,0
9/19/20,8,2020,1,0
9/19/20,9,2020,1,0
9/19/20,10,2020,1,0
9/19/20,11,2020,1,0
9/19/20,12,2020,1,0
9/19/20,13,2020,1,1
9/19/20,14,2020,1,0
9/19/20,15,2020,1,0
9/19/20,16,2020,1,0
9/19/20,17,2020,1,0
9/19/20,18,2020,1,0
9/19/20,19,2020,1,0
9/19/20,20,2020,1,0
9/19/20,21,2020,1,0
9/19/20,22,2020,1,0
9/19/20,23,2020,1,0
9/20/20,0,2020,1,0
9/20/20,1,2020,1,0
9/20/20,2,2020,1,0
9/20/20,3,2020,1,0
9/20/20,4,2020,1,0
9/20/20,5,2020,1,0
9/20/20,6,2020,1,0
9/20/20,7,2020,1,0
9/20/20,8,2020,1,0
9/20/20,9,2020,1,0
9/20/20,10,2020,1,0
9/20/20,11,2020,1,0
9/20/20,12,2020,1,1
9/20/20,13,2020,1,0
9/20/20,14,2020,1,0
9/20/20,15,2020,1,1
9/20/20,16,2020,1,0
9/20/20,17,2020,1,0
9/20/20,18,2020,1,0
9/20/20,19,2020,1,0
9/20/20,20,2020,1,0
9/20/20,21,2020,1,0
9/20/20,22,2020,1,0
9/20/20,23,2020,1,0
9/21/20,0,2020,1,0
9/21/20,1,2020,1,0
9/21/20,2,2020,1,0
9/21/20,3,2020,1,0
9/21/20,4,2020,1,0
9/21/20,5,2020,1,0
9/21/20,6,2020,1,0
9/21/20,7,2020,1,0
9/21/20,8,2020,1,0
9/21/20,9,2020,1,0
9/21/20,10,2020,1,0
9/21/20,11,2020,1,0
9/21/20,12,2020,1,0
9/21/20,13,2020,1,0
9/21/20,14,2020,1,0
9/21/20,15,2020,1,0
9/21/20,16,2020,1,0
9/21/20,17,2020,1,0
9/21/20,18,2020,1,0
9/21/20,19,2020,1,0
9/21/20,20,2020,1,0
9/21/20,21,2020,1,0
9/21/20,22,2020,1,0
9/21/20,23,2020,1,0
9/22/20,0,2020,1,0
9/22/20,1,2020,1,0
9/22/20,2,2020,1,0
9/22/20,3,2020,1,0
9/22/20,4,2020,1,0
9/22/20,5,2020,1,0
9/22/20,6,2020,1,0
9/22/20,7,2020,1,0
9/22/20,8,2020,1,0
9/22/20,9,2020,1,0
9/22/20,10,2020,1,0
9/22/20,11,2020,1,0
9/22/20,12,2020,1,0
9/22/20,13,2020,1,0
9/22/20,14,2020,1,0
9/22/20,15,2020,1,0
9/22/20,16,2020,1,0
9/22/20,17,2020,1,0
9/22/20,18,2020,1,0
9/22/20,19,2020,1,0
9/22/20,20,2020,1,0
9/22/20,21,2020,1,0
9/22/20,22,2020,1,0
9/22/20,23,2020,1,0
9/23/20,0,2020,1,0
9/23/20,1,2020,1,0
9/23/20,2,2020,1,0
9/23/20,3,2020,1,0
9/23/20,4,2020,1,0
9/23/20,5,2020,1,0
9/23/20,6,2020,1,0
9/23/20,7,2020,1,0
9/23/20,8,2020,1,0
9/23/20,9,2020,1,0
9/23/20,10,2020,1,0
9/23/20,11,2020,1,0
9/23/20,12,2020,1,0
9/23/20,13,2020,1,0
9/23/20,14,2020,1,0
9/23/20,15,2020,1,0
9/23/20,16,2020,1,0
9/23/20,17,2020,1,0
9/23/20,18,2020,1,0
9/23/20,19,2020,1,0
9/23/20,20,2020,1,0
9/23/20,21,2020,1,0
9/23/20,22,2020,1,0
9/23/20,23,2020,1,0
9/24/20,0,2020,1,0
9/24/20,1,2020,1,0
9/24/20,2,2020,1,0
9/24/20,3,2020,1,0
9/24/20,4,2020,1,0
9/24/20,5,2020,1,0
9/24/20,6,2020,1,0
9/24/20,7,2020,1,0
9/24/20,8,2020,1,0
9/24/20,9,2020,1,0
9/24/20,10,2020,1,0
9/24/20,11,2020,1,0
9/24/20,12,2020,1,0
9/24/20,13,2020,1,0
9/24/20,14,2020,1,0
9/24/20,15,2020,1,0
9/24/20,16,2020,1,0
9/24/20,17,2020,1,0
9/24/20,18,2020,1,0
9/24/20,19,2020,1,0
9/24/20,20,2020,1,0
9/24/20,21,2020,1,0
9/24/20,22,2020,1,0
9/24/20,23,2020,1,0
9/25/20,0,2020,1,0
9/25/20,1,2020,1,0
9/25/20,2,2020,1,0
9/25/20,3,2020,1,0
9/25/20,4,2020,1,0
9/25/20,5,2020,1,0
9/25/20,6,2020,1,0
9/25/20,7,2020,1,0
9/25/20,8,2020,1,0
9/25/20,9,2020,1,0
9/25/20,10,2020,1,0
9/25/20,11,2020,1,0
9/25/20,12,2020,1,0
9/25/20,13,2020,1,0
9/25/20,14,2020,1,0
9/25/20,15,2020,1,0
9/25/20,16,2020,1,0
9/25/20,17,2020,1,0
9/25/20,18,2020,1,0
9/25/20,19,2020,1,0
9/25/20,20,2020,1,0
9/25/20,21,2020,1,0
9/25/20,22,2020,1,0
9/25/20,23,2020,1,0
9/26/20,0,2020,1,0
9/26/20,1,2020,1,0
9/26/20,2,2020,1,0
9/26/20,3,2020,1,0
9/26/20,4,2020,1,0
9/26/20,5,2020,1,0
9/26/20,6,2020,1,0
9/26/20,7,2020,1,0
9/26/20,8,2020,1,0
9/26/20,9,2020,1,0
9/26/20,10,2020,1,0
9/26/20,11,2020,1,0
9/26/20,12,2020,1,0
9/26/20,13,2020,1,0
9/26/20,14,2020,1,1
9/26/20,15,2020,1,0
9/26/20,16,2020,1,0
9/26/20,17,2020,1,0
9/26/20,18,2020,1,0
9/26/20,19,2020,1,0
9/26/20,20,2020,1,0
9/26/20,21,2020,1,0
9/26/20,22,2020,1,0
9/26/20,23,2020,1,0
9/27/20,0,2020,1,0
9/27/20,1,2020,1,0
9/27/20,2,2020,1,0
9/27/20,3,2020,1,0
9/27/20,4,2020,1,0
9/27/20,5,2020,1,0
9/27/20,6,2020,1,0
9/27/20,7,2020,1,0
9/27/20,8,2020,1,0
9/27/20,9,2020,1,0
9/27/20,10,2020,1,0
9/27/20,11,2020,1,0
9/27/20,12,2020,1,1
9/27/20,13,2020,1,0
9/27/20,14,2020,1,0
9/27/20,15,2020,1,0
9/27/20,16,2020,1,0
9/27/20,17,2020,1,0
9/27/20,18,2020,1,0
9/27/20,19,2020,1,0
9/27/20,20,2020,1,0
9/28/20,0,2020,1,0
9/28/20,1,2020,1,0
9/28/20,2,2020,1,0
9/28/20,3,2020,1,0
9/28/20,4,2020,1,0
9/28/20,5,2020,1,0
9/28/20,6,2020,1,0
9/28/20,7,2020,1,0
9/28/20,10,2020,1,0
9/28/20,13,2020,1,1
9/28/20,14,2020,1,0
9/28/20,16,2020,1,0
9/28/20,17,2020,1,0
9/28/20,18,2020,1,0
9/28/20,19,2020,1,0
9/28/20,20,2020,1,0
9/28/20,21,2020,1,0
9/29/20,4,2020,1,0
9/29/20,5,2020,1,0
9/29/20,6,2020,1,1
9/29/20,7,2020,1,0
9/29/20,8,2020,1,0
9/29/20,9,2020,1,0
9/29/20,10,2020,1,0
9/29/20,11,2020,1,1
9/29/20,12,2020,1,0
9/29/20,13,2020,1,0
9/29/20,14,2020,1,1
9/29/20,15,2020,1,0
9/29/20,16,2020,1,0
9/29/20,17,2020,1,0
9/29/20,18,2020,1,0
9/29/20,19,2020,1,0
9/29/20,20,2020,1,0
9/29/20,21,2020,1,0
9/29/20,22,2020,1,0
9/29/20,23,2020,1,0
9/30/20,0,2020,1,0
9/30/20,1,2020,1,0
9/30/20,2,2020,1,0
9/30/20,3,2020,1,0
9/30/20,4,2020,1,0
9/30/20,5,2020,1,0
9/30/20,6,2020,1,0
9/30/20,7,2020,1,0
9/30/20,8,2020,1,0
9/30/20,9,2020,1,0
9/30/20,10,2020,1,0
9/30/20,11,2020,1,0
9/30/20,12,2020,1,0
9/30/20,13,2020,1,0
9/30/20,14,2020,1,0
9/30/20,15,2020,1,0
9/30/20,16,2020,1,0
9/30/20,17,2020,1,0
9/30/20,18,2020,1,0
9/30/20,19,2020,1,0
9/30/20,20,2020,1,0
9/30/20,21,2020,1,0
9/30/20,22,2020,1,0
9/30/20,23,2020,1,0
9/1/21,0,2021,1,0
9/1/21,1,2021,1,0
9/1/21,2,2021,1,0
9/1/21,3,2021,1,0
9/1/21,4,2021,1,0
9/1/21,5,2021,1,0
9/1/21,6,2021,1,0
9/1/21,7,2021,1,0
9/1/21,8,2021,1,0
9/1/21,9,2021,1,0
9/1/21,10,2021,1,0
9/1/21,11,2021,1,0
9/1/21,12,2021,1,1
9/1/21,13,2021,1,0
9/1/21,14,2021,1,0
9/1/21,15,2021,1,0
9/1/21,16,2021,1,0
9/1/21,17,2021,1,0
9/1/21,18,2021,1,0
9/1/21,19,2021,1,0
9/1/21,20,2021,1,0
9/1/21,21,2021,1,0
9/1/21,22,2021,1,0
9/1/21,23,2021,1,0
9/2/21,0,2021,1,0
9/2/21,1,2021,1,0
9/2/21,2,2021,1,0
9/2/21,3,2021,1,0
9/2/21,4,2021,1,0
9/2/21,5,2021,1,0
9/2/21,6,2021,1,0
9/2/21,7,2021,1,0
9/2/21,8,2021,1,0
9/2/21,9,2021,1,1
9/2/21,10,2021,1,0
9/2/21,11,2021,1,1
9/2/21,12,2021,1,0
9/2/21,13,2021,1,1
9/2/21,14,2021,1,0
9/2/21,15,2021,1,0
9/2/21,16,2021,1,0
9/2/21,17,2021,1,0
9/2/21,18,2021,1,0
9/2/21,19,2021,1,0
9/2/21,20,2021,1,0
9/2/21,21,2021,1,0
9/2/21,22,2021,1,0
9/2/21,23,2021,1,0
9/3/21,0,2021,1,0
9/3/21,1,2021,1,0
9/3/21,2,2021,1,0
9/3/21,3,2021,1,0
9/3/21,4,2021,1,0
9/3/21,5,2021,1,0
9/3/21,6,2021,1,0
9/3/21,7,2021,1,0
9/3/21,8,2021,1,0
9/3/21,9,2021,1,0
9/3/21,10,2021,1,0
9/3/21,11,2021,1,0
9/3/21,12,2021,1,0
9/3/21,13,2021,1,0
9/3/21,14,2021,1,0
9/3/21,15,2021,1,0
9/3/21,16,2021,1,0
9/3/21,17,2021,1,0
9/3/21,18,2021,1,0
9/3/21,19,2021,1,0
9/3/21,20,2021,1,0
9/3/21,21,2021,1,0
9/3/21,22,2021,1,0
9/3/21,23,2021,1,0
9/4/21,0,2021,1,0
9/4/21,1,2021,1,0
9/4/21,2,2021,1,0
9/4/21,3,2021,1,0
9/4/21,4,2021,1,0
9/4/21,5,2021,1,0
9/4/21,6,2021,1,0
9/4/21,7,2021,1,0
9/4/21,8,2021,1,0
9/4/21,9,2021,1,1
9/4/21,10,2021,1,1
9/4/21,11,2021,1,0
9/4/21,12,2021,1,0
9/4/21,13,2021,1,0
9/4/21,14,2021,1,0
9/4/21,15,2021,1,0
9/4/21,16,2021,1,0
9/4/21,17,2021,1,0
9/4/21,18,2021,1,0
9/4/21,19,2021,1,0
9/4/21,20,2021,1,0
9/4/21,21,2021,1,0
9/4/21,22,2021,1,0
9/4/21,23,2021,1,0
9/5/21,0,2021,1,0
9/5/21,1,2021,1,0
9/5/21,2,2021,1,0
9/5/21,3,2021,1,0
9/5/21,4,2021,1,0
9/5/21,5,2021,1,0
9/5/21,6,2021,1,0
9/5/21,7,2021,1,0
9/5/21,8,2021,1,0
9/5/21,9,2021,1,0
9/5/21,10,2021,1,0
9/5/21,11,2021,1,0
9/5/21,12,2021,0,1
9/5/21,13,2021,1,0
9/5/21,14,2021,1,0
9/5/21,15,2021,1,0
9/5/21,16,2021,1,0
9/5/21,17,2021,1,0
9/5/21,18,2021,1,0
9/5/21,19,2021,1,0
9/5/21,20,2021,1,0
9/5/21,21,2021,1,0
9/5/21,22,2021,1,0
9/5/21,23,2021,1,0
9/5/21,0,2021,1,0
9/5/21,1,2021,1,0
9/5/21,2,2021,1,0
9/5/21,3,2021,1,0
9/5/21,4,2021,1,0
9/5/21,5,2021,1,0
9/5/21,6,2021,1,0
9/6/21,7,2021,1,0
9/6/21,8,2021,1,0
9/6/21,9,2021,1,1
9/6/21,10,2021,1,0
9/6/21,11,2021,1,0
9/6/21,12,2021,1,0
9/6/21,13,2021,1,0
9/6/21,14,2021,1,0
9/6/21,15,2021,1,0
9/6/21,16,2021,1,0
9/6/21,17,2021,1,0
9/6/21,18,2021,1,0
9/6/21,19,2021,1,0
9/6/21,20,2021,1,0
9/6/21,21,2021,1,0
9/6/21,22,2021,1,0
9/6/21,23,2021,1,0
9/7/21,0,2021,1,0
9/7/21,1,2021,1,0
9/7/21,2,2021,1,0
9/7/21,3,2021,1,0
9/7/21,4,2021,1,0
9/7/21,5,2021,1,0
9/7/21,6,2021,1,0
9/7/21,7,2021,1,0
9/7/21,8,2021,1,0
9/7/21,9,2021,1,0
9/7/21,10,2021,1,0
9/7/21,11,2021,1,0
9/7/21,12,2021,1,0
9/7/21,13,2021,1,1
9/7/21,14,2021,0,0
9/7/21,15,2021,1,0
9/7/21,16,2021,1,1
9/7/21,17,2021,1,0
9/7/21,18,2021,1,0
9/7/21,19,2021,1,0
9/7/21,20,2021,1,0
9/7/21,21,2021,1,0
9/7/21,22,2021,1,0
9/7/21,23,2021,1,0
9/8/21,0,2021,1,0
9/8/21,1,2021,1,0
9/8/21,2,2021,1,0
9/8/21,3,2021,1,0
9/8/21,4,2021,1,0
9/8/21,5,2021,1,0
9/8/21,6,2021,1,0
9/8/21,7,2021,1,0
9/8/21,8,2021,1,0
9/8/21,9,2021,1,1
9/8/21,10,2021,1,0
9/8/21,11,2021,1,0
9/8/21,12,2021,1,1
9/8/21,13,2021,1,0
9/8/21,14,2021,1,0
9/8/21,15,2021,1,0
9/8/21,16,2021,1,0
9/8/21,17,2021,1,0
9/8/21,18,2021,1,0
9/8/21,19,2021,1,0
9/8/21,20,2021,1,0
9/8/21,21,2021,1,0
9/8/21,22,2021,1,0
9/8/21,23,2021,1,0
9/9/21,0,2021,0,0
9/9/21,1,2021,1,0
9/9/21,2,2021,1,0
9/9/21,3,2021,1,0
9/9/21,4,2021,1,0
9/9/21,5,2021,1,0
9/9/21,6,2021,1,0
9/9/21,7,2021,1,0
9/9/21,8,2021,1,0
9/9/21,9,2021,1,0
9/9/21,10,2021,1,1
9/9/21,11,2021,1,0
9/9/21,12,2021,1,0
9/9/21,13,2021,1,0
9/9/21,14,2021,1,0
9/9/21,15,2021,1,0
9/9/21,16,2021,1,0
9/9/21,17,2021,1,0
9/9/21,18,2021,1,0
9/9/21,19,2021,1,0
9/9/21,20,2021,1,0
9/9/21,21,2021,1,0
9/9/21,22,2021,1,0
9/9/21,23,2021,1,0
9/10/21,0,2021,1,0
9/10/21,1,2021,1,0
9/10/21,2,2021,1,0
9/10/21,3,2021,1,0
9/10/21,4,2021,1,0
9/10/21,5,2021,1,0
9/10/21,6,2021,1,0
9/10/21,7,2021,1,0
9/10/21,8,2021,1,0
9/10/21,9,2021,1,0
9/10/21,10,2021,1,0
9/10/21,11,2021,1,1
9/10/21,12,2021,1,0
9/10/21,13,2021,1,0
9/10/21,14,2021,1,0
9/10/21,15,2021,1,0
9/10/21,16,2021,1,0
9/10/21,17,2021,1,0
9/10/21,18,2021,1,0
9/10/21,19,2021,1,0
9/10/21,20,2021,1,0
9/10/21,21,2021,1,0
9/10/21,22,2021,1,0
9/10/21,23,2021,1,0
9/11/21,0,2021,1,0
9/11/21,1,2021,1,0
9/11/21,2,2021,1,0
9/11/21,3,2021,1,0
9/11/21,4,2021,1,0
9/11/21,5,2021,1,0
9/11/21,6,2021,1,0
9/11/21,7,2021,1,0
9/11/21,8,2021,1,0
9/11/21,9,2021,1,0
9/11/21,10,2021,1,0
9/11/21,11,2021,1,1
9/11/21,12,2021,1,0
9/11/21,13,2021,1,0
9/11/21,14,2021,1,0
9/11/21,15,2021,1,0
9/11/21,16,2021,1,0
9/11/21,17,2021,1,0
9/11/21,18,2021,1,0
9/11/21,19,2021,1,0
9/11/21,20,2021,1,0
9/11/21,21,2021,1,0
9/11/21,22,2021,1,0
9/11/21,23,2021,1,0
9/12/21,0,2021,1,0
9/12/21,1,2021,1,0
9/12/21,2,2021,1,0
9/12/21,3,2021,1,0
9/12/21,4,2021,1,0
9/12/21,5,2021,1,0
9/12/21,6,2021,1,0
9/12/21,7,2021,1,0
9/12/21,8,2021,1,0
9/12/21,9,2021,1,0
9/12/21,10,2021,1,1
9/12/21,11,2021,1,1
9/12/21,12,2021,1,1
9/12/21,13,2021,1,1
9/12/21,14,2021,1,0
9/12/21,15,2021,1,0
9/12/21,16,2021,1,0
9/12/21,17,2021,1,0
9/12/21,18,2021,1,0
9/12/21,19,2021,1,0
9/12/21,20,2021,1,0
9/12/21,21,2021,1,0
9/12/21,22,2021,1,0
9/12/21,23,2021,1,0
9/13/21,0,2021,1,0
9/13/21,1,2021,1,0
9/13/21,2,2021,1,0
9/13/21,3,2021,1,0
9/13/21,4,2021,1,0
9/13/21,5,2021,1,0
9/13/21,6,2021,1,0
9/13/21,7,2021,1,0
9/13/21,8,2021,1,0
9/13/21,9,2021,1,1
9/13/21,10,2021,1,0
9/13/21,11,2021,1,1
9/13/21,12,2021,1,0
9/13/21,13,2021,1,0
9/13/21,14,2021,1,0
9/13/21,15,2021,1,0
9/13/21,16,2021,1,0
9/13/21,17,2021,1,0
9/13/21,18,2021,1,0
9/13/21,19,2021,1,0
9/13/21,20,2021,1,0
9/13/21,21,2021,1,0
9/13/21,22,2021,1,0
9/13/21,23,2021,1,0
9/14/21,0,2021,1,0
9/14/21,1,2021,1,0
9/14/21,2,2021,1,0
9/14/21,3,2021,1,0
9/14/21,4,2021,1,0
9/14/21,5,2021,1,0
9/14/21,6,2021,1,0
9/14/21,7,2021,1,0
9/14/21,8,2021,1,0
9/14/21,9,2021,1,1
9/14/21,10,2021,1,1
9/14/21,11,2021,1,1
9/14/21,12,2021,1,0
9/14/21,13,2021,1,0
9/14/21,14,2021,1,0
9/14/21,15,2021,1,0
9/14/21,16,2021,1,0
9/14/21,17,2021,1,0
9/14/21,18,2021,1,0
9/14/21,19,2021,1,0
9/14/21,20,2021,1,0
9/14/21,21,2021,1,0
9/14/21,22,2021,1,0
9/14/21,23,2021,1,0
9/15/21,0,2021,1,0
9/15/21,1,2021,1,0
9/15/21,2,2021,1,0
9/15/21,3,2021,1,0
9/15/21,4,2021,1,0
9/15/21,5,2021,1,0
9/15/21,6,2021,1,0
9/15/21,7,2021,1,0
9/15/21,8,2021,1,0
9/15/21,9,2021,1,0
9/15/21,10,2021,1,0
9/15/21,11,2021,1,0
9/15/21,12,2021,1,0
9/15/21,13,2021,1,0
9/15/21,14,2021,1,0
9/15/21,15,2021,1,0
9/15/21,16,2021,1,0
9/15/21,17,2021,1,0
9/15/21,18,2021,1,0
9/15/21,19,2021,1,0
9/15/21,20,2021,1,0
9/15/21,21,2021,1,0
9/15/21,22,2021,1,0
9/15/21,23,2021,1,0
9/16/21,0,2021,1,0
9/16/21,1,2021,1,0
9/16/21,2,2021,1,0
9/16/21,3,2021,1,0
9/16/21,4,2021,1,0
9/16/21,5,2021,1,0
9/16/21,6,2021,1,0
9/16/21,7,2021,1,0
9/16/21,8,2021,1,0
9/16/21,9,2021,0,0
9/16/21,10,2021,0,0
9/16/21,11,2021,1,0
9/16/21,12,2021,1,0
9/16/21,13,2021,1,0
9/16/21,14,2021,1,0
9/16/21,15,2021,1,0
9/16/21,16,2021,1,0
9/16/21,17,2021,1,0
9/16/21,18,2021,1,0
9/16/21,19,2021,1,0
9/16/21,20,2021,1,0
9/16/21,21,2021,1,0
9/16/21,22,2021,1,0
9/16/21,23,2021,1,0
9/17/21,0,2021,1,0
9/17/21,1,2021,1,0
9/17/21,2,2021,1,0
9/17/21,3,2021,1,0
9/17/21,4,2021,1,0
9/17/21,5,2021,1,0
9/17/21,6,2021,1,0
9/17/21,7,2021,1,0
9/17/21,8,2021,1,0
9/17/21,9,2021,1,0
9/17/21,10,2021,1,0
9/17/21,11,2021,1,0
9/17/21,12,2021,1,0
9/17/21,13,2021,1,0
9/17/21,14,2021,1,0
9/17/21,15,2021,1,0
9/17/21,16,2021,1,0
9/17/21,17,2021,0,0
9/17/21,18,2021,1,0
9/17/21,19,2021,1,0
9/17/21,20,2021,1,0
9/17/21,21,2021,1,0
9/17/21,22,2021,1,0
9/17/21,23,2021,1,0
9/18/20,0,2021,1,0
9/18/20,1,2021,1,0
9/18/20,2,2021,1,0
9/18/20,3,2021,1,0
9/18/20,4,2021,1,0
9/18/20,5,2021,1,0
9/18/20,6,2021,1,0
9/18/20,7,2021,1,0
9/18/20,8,2021,1,0
9/18/20,9,2021,1,0
9/18/20,10,2021,1,0
9/18/20,11,2021,1,0
9/18/20,12,2021,1,0
9/18/20,13,2021,1,0
9/18/20,14,2021,1,0
9/18/20,15,2021,1,0
9/18/20,16,2021,1,0
9/18/20,17,2021,1,0
9/18/20,18,2021,1,0
9/18/20,19,2021,1,0
9/18/20,20,2021,1,0
9/18/20,21,2021,1,0
9/18/20,22,2021,1,0
9/18/20,23,2021,1,0
9/19/20,0,2021,1,0
9/19/20,1,2021,1,0
9/19/20,2,2021,1,0
9/19/20,3,2021,1,0
9/19/20,4,2021,1,0
9/19/20,5,2021,1,0
9/19/20,6,2021,1,0
9/19/20,7,2021,1,0
9/19/20,8,2021,1,0
9/19/20,9,2021,1,0
9/19/20,10,2021,1,0
9/19/20,11,2021,0,1
9/19/20,12,2021,1,1
9/19/20,13,2021,1,0
9/19/20,14,2021,1,0
9/19/20,15,2021,1,0
9/19/20,16,2021,1,0
9/19/20,17,2021,1,0
9/19/20,18,2021,1,0
9/19/20,19,2021,1,0
9/19/20,20,2021,1,0
9/19/20,21,2021,1,0
9/19/20,22,2021,1,0
9/19/20,23,2021,1,0
9/20/21,0,2021,1,0
9/20/21,1,2021,1,0
9/20/21,2,2021,1,0
9/20/21,3,2021,1,0
9/20/21,4,2021,1,0
9/20/21,5,2021,1,0
9/20/21,6,2021,1,0
9/20/21,7,2021,1,0
9/20/21,8,2021,0,0
9/20/21,9,2021,0,0
9/20/21,10,2021,0,0
9/20/21,11,2021,0,1
9/20/21,12,2021,1,0
9/20/21,13,2021,1,0
9/20/21,14,2021,1,0
9/20/21,15,2021,1,0
9/20/21,16,2021,1,0
9/20/21,17,2021,1,0
9/20/21,18,2021,1,0
9/20/21,19,2021,1,0
9/20/21,20,2021,1,0
9/20/21,21,2021,1,0
9/20/21,22,2021,1,0
9/20/21,23,2021,1,0
9/21/21,0,2021,1,0
9/21/21,1,2021,1,0
9/21/21,2,2021,1,0
9/21/21,3,2021,1,0
9/21/21,4,2021,1,0
9/21/21,5,2021,1,0
9/21/21,6,2021,1,0
9/21/21,7,2021,0,0
9/21/21,8,2021,0,0
9/21/21,9,2021,0,0
9/21/21,10,2021,1,1
9/21/21,11,2021,1,1
9/21/21,12,2021,1,1
9/21/21,13,2021,1,0
9/21/21,14,2021,1,0
9/21/21,15,2021,1,0
9/21/21,16,2021,1,0
9/21/21,17,2021,1,0
9/21/21,18,2021,1,0
9/21/21,19,2021,1,0
9/21/21,20,2021,1,0
9/21/21,21,2021,1,0
9/21/21,22,2021,1,0
9/21/21,23,2021,1,0
9/22/21,0,2021,1,0
9/22/21,1,2021,1,0
9/22/21,2,2021,1,0
9/22/21,3,2021,1,0
9/22/21,4,2021,1,0
9/22/21,5,2021,1,0
9/22/21,6,2021,1,0
9/22/21,7,2021,1,0
9/22/21,8,2021,1,1
9/22/21,9,2021,1,0
9/22/21,10,2021,1,0
9/22/21,11,2021,0,0
9/22/21,12,2021,1,0
9/22/21,13,2021,1,0
9/22/21,14,2021,0,0
9/22/21,15,2021,1,0
9/22/21,16,2021,0,0
9/22/21,17,2021,1,0
9/22/21,18,2021,1,0
9/22/21,19,2021,1,0
9/22/21,20,2021,1,0
9/22/21,21,2021,1,0
9/22/21,22,2021,1,0
9/22/21,23,2021,1,0
9/23/21,0,2021,1,0
9/23/21,1,2021,1,0
9/23/21,2,2021,1,0
9/23/21,3,2021,1,0
9/23/21,4,2021,1,0
9/23/21,5,2021,1,0
9/23/21,6,2021,1,0
9/23/21,7,2021,1,0
9/23/21,8,2021,0,0
9/23/21,9,2021,1,0
9/23/21,10,2021,0,0
9/23/21,11,2021,1,0
9/23/21,12,2021,1,0
9/23/21,13,2021,1,0
9/23/21,14,2021,1,0
9/23/21,15,2021,1,0
9/23/21,16,2021,1,0
9/23/21,17,2021,1,0
9/23/21,18,2021,1,0
9/23/21,19,2021,1,0
9/23/21,20,2021,1,0
9/23/21,21,2021,1,0
9/23/21,22,2021,1,0
9/23/21,23,2021,1,0
9/24/21,0,2021,1,0
9/24/21,1,2021,1,0
9/24/21,2,2021,1,0
9/24/21,3,2021,1,0
9/24/21,4,2021,1,0
9/24/21,5,2021,1,0
9/24/21,6,2021,1,0
9/24/21,7,2021,1,0
9/24/21,8,2021,1,0
9/24/21,9,2021,1,0
9/24/21,10,2021,1,0
9/24/21,11,2021,1,0
9/24/21,12,2021,1,0
9/24/21,13,2021,1,0
9/24/21,14,2021,1,0
9/24/21,15,2021,1,0
9/24/21,16,2021,1,0
9/24/21,17,2021,1,0
9/24/21,18,2021,1,0
9/24/21,19,2021,1,0
9/24/21,20,2021,1,0
9/24/21,21,2021,1,0
9/24/21,22,2021,1,0
9/24/21,23,2021,1,0
9/25/21,0,2021,1,0
9/25/21,1,2021,1,0
9/25/21,2,2021,1,0
9/25/21,3,2021,1,0
9/25/21,4,2021,1,0
9/25/21,5,2021,1,0
9/25/21,6,2021,1,0
9/25/21,7,2021,1,1
9/25/21,8,2021,1,0
9/25/21,9,2021,1,0
9/25/21,10,2021,1,0
9/25/21,11,2021,1,0
9/25/21,12,2021,1,0
9/25/21,13,2021,1,0
9/25/21,14,2021,1,0
9/25/21,15,2021,1,0
9/25/21,16,2021,1,0
9/25/21,17,2021,1,0
9/25/21,18,2021,1,0
9/25/21,19,2021,1,0
9/25/21,20,2021,1,0
9/25/21,21,2021,1,0
9/25/21,22,2021,1,0
9/25/21,23,2021,1,0
9/26/21,0,2021,1,0
9/26/21,1,2021,1,0
9/26/21,2,2021,1,0
9/26/21,3,2021,1,0
9/26/21,4,2021,1,0
9/26/21,5,2021,1,0
9/26/21,6,2021,1,0
9/26/21,7,2021,1,0
9/26/21,8,2021,1,0
9/26/21,9,2021,1,1
9/26/21,10,2021,1,0
9/26/21,11,2021,1,0
9/26/21,12,2021,1,0
9/26/21,13,2021,1,0
9/26/21,14,2021,1,0
9/26/21,15,2021,1,0
9/26/21,16,2021,1,0
9/26/21,17,2021,1,0
9/26/21,18,2021,1,0
9/26/21,19,2021,1,0
9/26/21,20,2021,1,0
9/26/21,21,2021,1,0
9/26/21,22,2021,1,0
9/26/21,23,2021,1,0
9/27/21,0,2021,1,0
9/27/21,1,2021,1,0
9/27/21,2,2021,1,0
9/27/21,3,2021,1,0
9/27/21,4,2021,1,0
9/27/21,5,2021,1,0
9/27/21,6,2021,1,0
9/27/21,7,2021,1,0
9/27/21,8,2021,1,0
9/27/21,9,2021,1,0
9/27/21,10,2021,1,0
9/27/21,11,2021,1,0
9/27/21,12,2021,1,0
9/27/21,13,2021,1,0
9/27/21,14,2021,1,0
9/27/21,15,2021,1,0
9/27/21,16,2021,1,0
9/27/21,17,2021,1,0
9/27/21,18,2021,1,0
9/27/21,19,2021,1,0
9/27/21,20,2021,1,0
9/27/21,21,2021,1,0
9/27/21,22,2021,1,0
9/27/21,23,2021,1,0
9/28/21,0,2021,1,0
9/28/21,1,2021,1,0
9/28/21,2,2021,1,0
9/28/21,3,2021,1,0
9/28/21,4,2021,1,0
9/28/21,5,2021,1,0
9/28/21,6,2021,1,0
9/28/21,7,2021,1,0
9/28/21,8,2021,1,0
9/28/21,9,2021,1,1
9/28/21,10,2021,1,0
9/28/21,11,2021,1,0
9/28/21,12,2021,1,0
9/28/21,13,2021,1,0
9/28/21,14,2021,1,0
9/28/21,15,2021,1,0
9/28/21,16,2021,1,0
9/28/21,17,2021,1,0
9/28/21,18,2021,1,0
9/28/21,19,2021,1,0
9/28/21,20,2021,1,0
9/28/21,21,2021,1,0
9/28/21,22,2021,1,0
9/28/21,23,2021,1,0
9/29/21,0,2021,1,0
9/29/21,1,2021,1,0
9/29/21,2,2021,1,0
9/29/21,3,2021,1,0
9/29/21,4,2021,1,0
9/29/21,5,2021,1,0
9/29/21,6,2021,1,0
9/29/21,7,2021,1,0
9/29/21,8,2021,1,0
9/29/21,9,2021,1,0
9/29/21,10,2021,1,0
9/29/21,11,2021,1,0
9/29/21,12,2021,1,0
9/29/21,13,2021,1,0
9/29/21,14,2021,1,0
9/29/21,15,2021,1,0
9/29/21,16,2021,1,0
9/29/21,17,2021,1,0
9/29/21,18,2021,1,0
9/29/21,19,2021,1,0
9/29/21,20,2021,1,0
9/29/21,21,2021,1,0
9/29/21,22,2021,1,0
9/29/21,23,2021,1,0
9/30/21,0,2021,1,0
9/30/21,1,2021,1,0
9/30/21,2,2021,1,0
9/30/21,3,2021,1,0
9/30/21,4,2021,1,0
9/30/21,5,2021,1,0
9/30/21,6,2021,1,0
9/30/21,7,2021,1,0
9/30/21,8,2021,1,0
9/30/21,9,2021,0,1
9/30/21,10,2021,1,0
9/30/21,11,2021,1,0
9/30/21,12,2021,1,0
9/30/21,13,2021,1,0
9/30/21,14,2021,1,0
9/30/21,15,2021,1,0
9/30/21,16,2021,1,0
9/30/21,17,2021,1,0
9/30/21,18,2021,1,0
9/30/21,19,2021,1,0
9/30/21,20,2021,1,0
9/30/21,21,2021,1,0
9/30/21,22,2021,1,0
9/30/21,23,2021,1,0

